{
    "author" : [
        "jmes"
    ],
    "description" : "A simple cog to manage .lua script loadstrings for Roblox and/or FiveM.",
    "disabled" : false,
    "end_user_data_statement" : "This cog does not persistently store data or metadata about users.",
    "hidden" : false,
    "install_msg" : "Thanks for installing. Use [p]`scriptset add` to get started.",
    "max_bot_version" : "0.0.0",
    "min_bot_version" : "3.1.8",
    "min_python_version" : [
        3,
        7,
        2
    ],
    "name" : "ScriptManager",
    "permissions" : [
        "embed_links",
        "attach_files"
    ],
    "required_cogs" : {},
    "requirements" : [
		"requests", 
		"json"
    ],
    "short" : "Script Manager",
    "tags" : [
		"roblox",
		"fivem",
		"lua"
    ],
    "type" : "COG"
}
